{"centroids": [[0.15933333333333335, 0.6902298850574713, 0.3601190476190476], [0.08793354101765316, 0.20324417230636996, 0.19615042278593686], [0.6327485380116961, 0.16394434361766494, 0.21177944862155385], [0.08372372372372378, 0.22957440198819512, 0.5973294723294722]], "indices": [1, 0, 0, 1, 1, 1, 1, 1, 2, 1, 1, 2, 1, 3, 1, 3, 1, 3, 1, 1, 1, 3, 3, 1, 1, 1, 1, 1, 3, 3, 1, 1, 3, 3, 1, 0, 1, 1, 3, 1, 1, 1, 1, 2, 0, 1, 1, 3, 3, 1, 1, 1, 0, 2, 1, 0, 1, 0, 1, 0, 1, 1, 1, 1, 1, 0, 1, 3, 1, 1, 3, 1, 1, 1, 3, 2, 3, 1, 3, 3, 1, 1, 2, 0, 1, 3, 1, 1, 3, 1, 3, 1, 1, 1, 1, 1, 1, 1, 1, 3, 1, 3, 1, 1, 3, 1, 1, 1, 1, 3, 3, 1, 1, 1, 1, 1, 1, 3, 2, 3, 2, 3, 1, 1, 1, 2, 1, 3, 3, 1, 1, 2, 1, 1, 3, 1, 1, 1, 1, 1, 3, 1, 1, 3, 1, 1, 0, 1, 1, 0, 1, 3, 0, 1, 2, 0, 1, 1, 3, 1, 0, 3, 1, 3, 3, 3, 1, 3, 0, 1, 0, 0, 2, 1, 1, 2, 3, 3, 3, 1, 1, 3, 1, 3, 1, 1, 1, 1, 2, 1, 0, 3, 0, 1, 1, 1, 3, 2, 0, 3, 3, 1, 0, 1, 1, 2, 3, 1, 0, 2, 1, 2, 0, 1, 1, 3, 0, 0, 0, 1, 1, 1, 3, 1, 1, 1, 1, 1, 1, 0, 1, 1, 0, 3, 3, 2, 3, 1, 1, 3, 3, 2, 2, 1, 1, 2, 1, 3, 1, 2, 2, 1, 1, 1, 1, 3, 3, 1, 3, 1, 1, 1, 1, 2, 0, 1, 1, 0, 0, 1, 2, 3, 1, 3, 3, 1, 1, 0, 3, 1, 1, 1, 1, 1, 3, 1, 1, 1, 1, 1, 1, 0, 1, 1, 3, 1, 3, 1, 3, 3, 1, 1, 1, 3, 2, 3, 2, 1, 1, 1, 1, 3, 1, 1, 1, 1, 2, 2, 3, 1, 0, 1, 1, 2, 1, 1, 3, 1, 1, 0, 3, 1, 1, 2, 0, 3, 1, 1, 1, 2, 1, 1, 1, 1, 3, 2, 1, 3, 1, 1, 3, 1, 3, 3, 0, 1, 3, 1, 1, 1, 3, 0, 1, 2, 3, 1, 3, 1, 3, 1, 3, 3, 2, 3, 0, 1, 1, 1, 1, 0, 3, 2, 1, 2, 1, 2, 3, 1, 2, 1, 1, 1, 0, 3, 1, 1, 1, 1, 0, 3, 1, 1, 2, 2, 0, 1, 1, 2, 1, 0, 1, 1, 1, 1, 2, 3, 1, 1, 2, 0, 0, 1, 1, 1, 2, 1, 0, 1, 2, 1, 1, 1, 3, 1, 1, 1, 1, 3, 1, 1, 0, 1, 1, 1, 1, 1, 1, 3, 3, 0, 1, 1, 1, 2, 0, 1, 0, 1, 1, 1, 1, 1, 1, 3, 1, 2, 3, 1, 1, 1, 1, 1, 3, 1, 1, 1, 0, 2, 1, 1, 1, 1, 3, 3, 1, 1, 1, 1, 1, 1, 2, 1, 1, 1, 1, 1, 1, 1, 1, 1, 3, 1, 3, 1, 1, 1, 1, 1, 3, 2, 1, 1, 1, 0, 1, 1, 1, 1, 0, 0, 1, 2, 2, 1, 1, 1, 2, 1, 1, 1, 1, 0, 1, 0, 1, 1, 1, 1, 2, 2, 3, 0, 3, 0, 1, 1, 1, 3, 1], "centroids_sklearn": [[0.0879335410176532, 0.2032441723063702, 0.19615042278593683], [0.632748538011696, 0.16394434361766486, 0.2117794486215539], [0.08372372372372373, 0.2295744019881951, 0.5973294723294723], [0.15933333333333333, 0.6902298850574713, 0.3601190476190476]], "indices_sklearn": [0, 3, 3, 0, 0, 0, 0, 0, 1, 0, 0, 1, 0, 2, 0, 2, 0, 2, 0, 0, 0, 2, 2, 0, 0, 0, 0, 0, 2, 2, 0, 0, 2, 2, 0, 3, 0, 0, 2, 0, 0, 0, 0, 1, 3, 0, 0, 2, 2, 0, 0, 0, 3, 1, 0, 3, 0, 3, 0, 3, 0, 0, 0, 0, 0, 3, 0, 2, 0, 0, 2, 0, 0, 0, 2, 1, 2, 0, 2, 2, 0, 0, 1, 3, 0, 2, 0, 0, 2, 0, 2, 0, 0, 0, 0, 0, 0, 0, 0, 2, 0, 2, 0, 0, 2, 0, 0, 0, 0, 2, 2, 0, 0, 0, 0, 0, 0, 2, 1, 2, 1, 2, 0, 0, 0, 1, 0, 2, 2, 0, 0, 1, 0, 0, 2, 0, 0, 0, 0, 0, 2, 0, 0, 2, 0, 0, 3, 0, 0, 3, 0, 2, 3, 0, 1, 3, 0, 0, 2, 0, 3, 2, 0, 2, 2, 2, 0, 2, 3, 0, 3, 3, 1, 0, 0, 1, 2, 2, 2, 0, 0, 2, 0, 2, 0, 0, 0, 0, 1, 0, 3, 2, 3, 0, 0, 0, 2, 1, 3, 2, 2, 0, 3, 0, 0, 1, 2, 0, 3, 1, 0, 1, 3, 0, 0, 2, 3, 3, 3, 0, 0, 0, 2, 0, 0, 0, 0, 0, 0, 3, 0, 0, 3, 2, 2, 1, 2, 0, 0, 2, 2, 1, 1, 0, 0, 1, 0, 2, 0, 1, 1, 0, 0, 0, 0, 2, 2, 0, 2, 0, 0, 0, 0, 1, 3, 0, 0, 3, 3, 0, 1, 2, 0, 2, 2, 0, 0, 3, 2, 0, 0, 0, 0, 0, 2, 0, 0, 0, 0, 0, 0, 3, 0, 0, 2, 0, 2, 0, 2, 2, 0, 0, 0, 2, 1, 2, 1, 0, 0, 0, 0, 2, 0, 0, 0, 0, 1, 1, 2, 0, 3, 0, 0, 1, 0, 0, 2, 0, 0, 3, 2, 0, 0, 1, 3, 2, 0, 0, 0, 1, 0, 0, 0, 0, 2, 1, 0, 2, 0, 0, 2, 0, 2, 2, 3, 0, 2, 0, 0, 0, 2, 3, 0, 1, 2, 0, 2, 0, 2, 0, 2, 2, 1, 2, 3, 0, 0, 0, 0, 3, 2, 1, 0, 1, 0, 1, 2, 0, 1, 0, 0, 0, 3, 2, 0, 0, 0, 0, 3, 2, 0, 0, 1, 1, 3, 0, 0, 1, 0, 3, 0, 0, 0, 0, 1, 2, 0, 0, 1, 3, 3, 0, 0, 0, 1, 0, 3, 0, 1, 0, 0, 0, 2, 0, 0, 0, 0, 2, 0, 0, 3, 0, 0, 0, 0, 0, 0, 2, 2, 3, 0, 0, 0, 1, 3, 0, 3, 0, 0, 0, 0, 0, 0, 2, 0, 1, 2, 0, 0, 0, 0, 0, 2, 0, 0, 0, 3, 1, 0, 0, 0, 0, 2, 2, 0, 0, 0, 0, 0, 0, 1, 0, 0, 0, 0, 0, 0, 0, 0, 0, 2, 0, 2, 0, 0, 0, 0, 0, 2, 1, 0, 0, 0, 3, 0, 0, 0, 0, 3, 3, 0, 1, 1, 0, 0, 0, 1, 0, 0, 0, 0, 3, 0, 3, 0, 0, 0, 0, 1, 1, 2, 3, 2, 3, 0, 0, 0, 2, 0]}